Joshua, joshua@mail.com
John, john@mail.comJack, jack@mail.com
Jill, jill@mail.com
Priya, priya@mail.com
Jack, jack@mail.com
Jim, jim@mail.com
